{"R1_HOME":[0,0,0,0,0,0,0],"R1_LHOME":[0,-1.57,0,0,0,0,0],"R0_HOME":[0,0,0,0,0,0,0],"R0_LHOME":[0,-1.57,0,0,0,0,0],"R0_P1":[-2.39684498107132e-07,0.020877478523123626,0,-0.80096183659753861,4.79368996214264e-07,-0.96000160910254873,0],"R0_P2":[-0.12014592931266772,-1.3751126294812792,0.080543818428418734,1.0725864512379288,0.1071356150709145,-1.2926913623791874,-0.110398679828145],"R0_P0":[-2.39684498107132e-07,-0.686163508122139,4.79368996214264e-07,-0.9598422189113075,4.79368996214264e-07,-1.0458005101519663,0],"R0_P3":[-0.13098110673409874,-1.4026924056249725,0.088150205975848578,1.3366904853812116,0.11461473014984944,-1.5298531811437417,-0.09381251255913145],"R0_P5":[-0.46013455492566474,-1.6719496564775587,1.3083501903250243,0.824539121307341,0.13507659575325529,-1.1966701571699987,-1.3856400520071406],"R0_P4":[-0.43471361705642231,-1.7094221705961259,1.3210870245544373,1.1526199813698774,0.15081475926796581,-1.4913248568110127,-1.3677116515487271],"R0_P41":[0.13998030090002911,-1.32975545411298,1.0623706185596067,1.5429737502546244,-0.2524112655876245,-1.5542748743403756,-1.1093808860457817]}