{"R0_D1":{"xyz":[-0.27282378254988315,2.6566442216215589e-07,-0.41234856830779237],"kps":[3.141592594194603,1.4015062070438307,3.14159163641015]},"R0_D2":{"xyz":[-0.44123013257032173,0.077979093736994257,-0.25397523383921033],"kps":[-3.1393324767730548,1.5619760822425195,-3.1393411884112039]},"R0_D0":{"xyz":[-0.45125226689890668,-2.5718260327529412e-08,-0.0851580067555001],"kps":[3.1415808164534145,0.44978521783683445,3.1415659045633322]},"R0_D3":{"xyz":[-0.3952411079813144,0.054095541487893639,-0.254031310841983],"kps":[-3.1399362986532164,1.556818440614528,-3.1399396022421673]},"R0_D5":{"xyz":[-0.42891610847505257,0.33071923457683161,0.00915407192756531],"kps":[2.7301076537833757,1.499414353890913,2.6576704844359749]},"R0_D4":{"xyz":[-0.367303722782696,0.33071889621332473,0.00915421648326424],"kps":[2.7300911751956369,1.4994127036762424,2.6576562592221147]},"R0_D41":{"xyz":[-0.385,0.146,-0.166],"kps":[-1.21,1.53,-1.183]},"R0_D42":{"xyz":[-0.376,0.238,-0.078],"kps":[-1.2,1.51,-1.2]},"R0_A1":{"xyz":[-0.53394,0.225601,-0.291937],"kps":[-1,-1.57,-1]},"R0_A2":{"xyz":[-0.541079,0.092346,-0.123312],"kps":[0,-1.57,0]},"R0_A3":{"xyz":[-0.53223,0.341896,-0.111056],"kps":[0,-1.57,0]}}