{"ec_device1/robot00":[[-0.115944512892003,0.0187540359667508,-0.000685672152928897,-0.0264536835515412,-0.419947594276699,-0.0648629212583716,0.269963745841962,0.0263861328273150,0.266614033479668,0.0246395127204373,-0.0145446730838031,-0.0738956404557630,0.207011862990936,-0.146776954500046,0.105348257411310,0.238630327988156,-0.0720739919556042,-0.0264312029972864,-0.311917741079221,0.00847346996493929,0.209236912474028,0.635121407953364,0.0570217109434066,0.127112956076527,-0.0772227257757753,-0.644878198945961,0.253164099015627,-0.0660818711579410,-0.152471253747849,-0.0398435213816250,-0.0804918304354099,0.304052628163143,-0.529998019650806,-0.00557472390423783,0.0654485787190712,-0.259363069521965,0.0850436788970685,-0.222708512239393,-0.213978283482280,0.211332060544485,0.292824856434102,0.276314245121112,-0.152980102360555,0.252274963844740,-0.332775387693645,-0.0747857358807175,-0.150392618984776,-0.00652492352565570,0.289717467699526,-0.0762367861574206,0.0153779445271192,0.193961826765488,0.178072594451774,-0.0918602731315338,-0.233455020169936,-0.243836748615493,0.0669416276748008,0.0345935202523585,-0.185752981924300,-0.0608542709493101,0.261875532927666,-0.00649028047419824,-0.130282231501687,0.276587779786643,0.00801333267951001,0.0967314767801871,-0.329378299809631,-0.157543020212145,-0.000741459619733663,0.0386258989405550,0.0230000591466926,-0.164955004050485,0.239399803050019,0.160188729295645,0.0677198972326545,-0.0131197365400169,-0.495900819280642
]],"ec_device1/robot10":[[-0.115944512892003,0.0187540359667508,-0.000685672152928897,-0.0264536835515412,-0.419947594276699,-0.0648629212583716,0.269963745841962,0.0263861328273150,0.266614033479668,0.0246395127204373,-0.0145446730838031,-0.0738956404557630,0.207011862990936,-0.146776954500046,0.105348257411310,0.238630327988156,-0.0720739919556042,-0.0264312029972864,-0.311917741079221,0.00847346996493929,0.209236912474028,0.635121407953364,0.0570217109434066,0.127112956076527,-0.0772227257757753,-0.644878198945961,0.253164099015627,-0.0660818711579410,-0.152471253747849,-0.0398435213816250,-0.0804918304354099,0.304052628163143,-0.529998019650806,-0.00557472390423783,0.0654485787190712,-0.259363069521965,0.0850436788970685,-0.222708512239393,-0.213978283482280,0.211332060544485,0.292824856434102,0.276314245121112,-0.152980102360555,0.252274963844740,-0.332775387693645,-0.0747857358807175,-0.150392618984776,-0.00652492352565570,0.289717467699526,-0.0762367861574206,0.0153779445271192,0.193961826765488,0.178072594451774,-0.0918602731315338,-0.233455020169936,-0.243836748615493,0.0669416276748008,0.0345935202523585,-0.185752981924300,-0.0608542709493101,0.261875532927666,-0.00649028047419824,-0.130282231501687,0.276587779786643,0.00801333267951001,0.0967314767801871,-0.329378299809631,-0.157543020212145,-0.000741459619733663,0.0386258989405550,0.0230000591466926,-0.164955004050485,0.239399803050019,0.160188729295645,0.0677198972326545,-0.0131197365400169,-0.495900819280642
]],"ec_device1/robot01":[[0.0269517790016534,0.0324153724981331,0.0146876938290476,0.0311205740092032,0.0168067112835691,-0.0984303300103396,0.124446237665693,-0.383001798819173,-0.182892421779964,0.346528332958234,-0.0359029156786757,-0.251975045908489,0.0108456459965406,0.370273520137424,0.0294766203764603,-0.178016441728154,-0.0104969538153759,-0.161153546754496,-0.0215738734138170,0.220871514253716,0.00959749367038688,0.0592406591573940,-0.108510501589102,0.255213482095801,-0.218005260205660,-0.0869178617624872,0.342086872773850,-0.334102170386778,-0.280538794863351,0.187602447322736,0.264967683884264,0.0341037926597124,0.490542691052461,0.125101899252171,0.125442190306182,-0.0982375188031793,-0.0512621573672229,0.273437039887803,-0.345519488999955,-0.0547303983042200,-0.238895116008369,-0.245571022032575,0.393844211092321,0.0117233907927226,0.534111419467908,-0.0655482307428782,0.0633450804638532,0.0849712817563563,-0.0329109688623445,-0.0488362280259693,-0.265932181048283,-0.0101848664162855,-0.298613350021134,0.0165707633946431,-0.122782934385492,-0.0374744096326116,0.243666414544950,0.00876028396952830,-0.151022664652975,-0.00430326115824604,-0.306190340554838,0.145251559749121,-0.153046138627567,-0.112234172927792,0.317826898187156,0.290920849470905,0.489553486543936,0.0247423200833688,-0.0538863748717122,-0.0563562791534244,-0.0712834051312935,0.0380849786200587,-0.198949555654613,0.0347777974275377,-0.165434150886317,-0.0330791774693694,0.0360892976690174]],"ec_device1/robot11":[[0.0269517790016534,0.0324153724981331,0.0146876938290476,0.0311205740092032,0.0168067112835691,-0.0984303300103396,0.124446237665693,-0.383001798819173,-0.182892421779964,0.346528332958234,-0.0359029156786757,-0.251975045908489,0.0108456459965406,0.370273520137424,0.0294766203764603,-0.178016441728154,-0.0104969538153759,-0.161153546754496,-0.0215738734138170,0.220871514253716,0.00959749367038688,0.0592406591573940,-0.108510501589102,0.255213482095801,-0.218005260205660,-0.0869178617624872,0.342086872773850,-0.334102170386778,-0.280538794863351,0.187602447322736,0.264967683884264,0.0341037926597124,0.490542691052461,0.125101899252171,0.125442190306182,-0.0982375188031793,-0.0512621573672229,0.273437039887803,-0.345519488999955,-0.0547303983042200,-0.238895116008369,-0.245571022032575,0.393844211092321,0.0117233907927226,0.534111419467908,-0.0655482307428782,0.0633450804638532,0.0849712817563563,-0.0329109688623445,-0.0488362280259693,-0.265932181048283,-0.0101848664162855,-0.298613350021134,0.0165707633946431,-0.122782934385492,-0.0374744096326116,0.243666414544950,0.00876028396952830,-0.151022664652975,-0.00430326115824604,-0.306190340554838,0.145251559749121,-0.153046138627567,-0.112234172927792,0.317826898187156,0.290920849470905,0.489553486543936,0.0247423200833688,-0.0538863748717122,-0.0563562791534244,-0.0712834051312935,0.0380849786200587,-0.198949555654613,0.0347777974275377,-0.165434150886317,-0.0330791774693694,0.0360892976690174]],"ec_device1/robot02":[[0.104079869790843,0.0874491664684042,-0.205663036214499,0.0787422772959739,0.116387632550958,0.354262814389756,-0.136470098813807,0.0517402505791514,0.121665632686505,-0.302936633309245,0.627884221942389,0.249994081430444,-0.0159387726327556,0.0992538774216583,-0.219284678170603,0.00425504665643341,-0.0982359811516458,-0.120892755578578,0.364119940883313,-0.232610249929957,-0.141452738220870,-0.304262874700600,-0.303848414017153,0.278684454716576,0.170792001868286,-0.398884356702544,-0.407650715679506,-0.0985197063731231,0.322387907097907,-0.0161006400956748,0.218319220730465,0.175809187638116,0.246814467356335,-0.208232146904094,0.0920874373287763,0.276581921147470,-0.0572155428882018,0.222868445319321,0.113443976969485,-0.269598708786063,0.121202083600436,-0.0216195107766357,-0.160559323372515,0.316664163912002,0.458007282484911,-0.0501926940036451,-0.154010274836633,0.390142434873987,0.156924056202525,0.0299127187001802,-0.228450614283646,-0.312311235048463,-0.232470449567156,0.0858829216697966,0.299046425166655,0.261803468991563,0.115408079345307,0.0522816993015945,-0.147171583678826,0.278565388361521,-0.101155899495584,-0.528671729904542,0.136165371179167,-0.0639788267501365,-0.0124517396435153,0.126224668756710,-0.0843310598722160,-0.160646168805267,-0.316301511395700,-0.0310674390943468,0.0138948751689316,0.149779729910665,0.0816020648631020,-0.254253783359557,0.305135631235883,0.158091398140039,-0.503561395035302]],